{"cameraMode":{"drawMode":0,"name":"Shaded","section":"Shading Mode"},"sceneLighting":false,"audioPlay":false,"sceneViewState":{"m_AlwaysRefresh":false,"showFog":true,"showSkybox":false,"showFlares":true,"showImageEffects":true,"showParticleSystems":true,"showVisualEffectGraphs":true,"m_FxEnabled":true},"in2DMode":false,"pivot":{"x":-0.026899337768554689,"y":0.23211519420146943,"z":-0.06373214721679688},"rotation":{"x":0.06659010797739029,"y":0.852514922618866,"z":-0.506178617477417,"w":0.11214976012706757},"size":13.568058967590332,"orthographic":false}