{"cameraMode":{"drawMode":0,"name":"Shaded","section":"Shading Mode"},"sceneLighting":false,"audioPlay":false,"sceneViewState":{"m_AlwaysRefresh":false,"showFog":true,"showSkybox":false,"showFlares":true,"showImageEffects":true,"showParticleSystems":true,"showVisualEffectGraphs":true,"m_FxEnabled":true},"in2DMode":false,"pivot":{"x":-0.9734601974487305,"y":18.968843460083009,"z":1.1433324813842774},"rotation":{"x":-0.2133202850818634,"y":0.24660208821296693,"z":-0.05574344843626022,"w":-0.9437047243118286},"size":11.558199882507325,"orthographic":false}